"ID","Resume_str"
99244405,"           Kpandipou    Koffi         Summary      Compassionate teaching professional delivering exemplary support and assistance to teachers and students. Display exceptional Communication and problem solving skills.  Experience in office administration and public speaking. Attentive and adaptable, skilled in management of classroom operations. Effective in leveraging student feedback to create dynamic lesson plans that address individual strengths and weaknesses.  Dedicated and responsive team leader with proven skills in classroom management, behavior modification and individualized support.  Personable with experience using relationship-building to cultivate positive client, staff and management connections. Highly-developed communicator with outstanding skills in complex problem-solving and conflict resolution.  High-performing Administrative Assistant offering experience working with diverse client base and delivering exceptional results. Polished in managing client relations, and managing vendor relationships.  Results-driven assistant with track record of excelling in fast-paced office environments.  Career-minded with talents in preparing reports, taking messages and sorting and routing mail. Comfortable working in fast-paced, demanding office environment.  Energetic and reputable individual possessing strong work ethic, professional demeanor and superb initiative. Exceptional customer service and decision-making skills.  Service-oriented individual with expertise in preparing and modifying documents, coordinating meetings and trips and preparing responses on behalf of company. Committed to establishing stellar rapport with clients of diverse backgrounds.  Meticulous and systematic Administrative Assistant skilled in organizing, planning and managing daily clerical needs. Bringing solid expertise in coordinating documents, reports and records, handling correspondence and managing deliveries.  Skilled in oral and written communication, team leadership and relationship-building.  Comfortable working alone or with teams to accomplish on-time and accurate clerical tasks. Punctual Administrative Assistant known for having terrific work ethic and dynamic communication skills.  Adept at preparing correspondence, memoranda and reports in both draft and final form.        Skills          Superb communication both verbal and written.  Reliability and self sufficiency.  Strong work ethic.  Organizational and problem solving skills.  Team player and multi tasker.      Career minded, result driven, and goal oriented.  Adaptable, positive, eager to contribute in any capacity.  Microsoft Office  Fluent in French and English            Experience      Assistant Teacher     City  ,   State      Company Name  /   Jan 2010   to   Jun 2011       Implemented lesson plans for class of 30 students.  Prepared, duplicated and collected teaching materials to help students better understand learning concepts.  Helped students take advantage of other available subject matter and study resources.  Classroom restocking, support and management of operations.  Arranged and led activities for students, including small group and individualized instructions.  Assisted teachers with lesson preparation, curriculum implementation, and testing.          Assistant Manager Intern     City  ,   State      Company Name  /   May 2006   to   Sep 2006       Spearheaded training initiatives to improve employee performance and bottom-line business results.  Generated reports to assess performance and make adjustments.  Increased customer base and market share by promoting product through diverse channels.  Optimized productivity, streamlined program efficiency, and boosted profitability.  Supervised and trained customer service team members to provide exceptional service, driving retention and satisfaction.  Remained calm and professional in stressful circumstances and when dealing with unhappy customers, effectively diffusing situations.  Addressed internal and customer-related issues each day and affected strategic resolutions.          Junior Editor     City  ,   State      Company Name  /   Sep 2004   to   Sep 2006       Determined appropriate page budgets and layouts to guide word count parameters, optimize use of images and graphics as well as maximize impact within allotted space.  Evaluated reporter stories, shaped content and helped improve overall work quality through careful review, detailed editing and constructive feedback.  Developed and deepened positive relationships with writing, design and production team members to improve communication and collaboration.  Handed out story assignments, directed content meetings and evaluated submitted pieces to manage overall tone and execution of work.  Decided readiness of articles for publication and approved final versions.  Edited, rewrote and prepared numerous pieces per week by adjusting reading level to make understanding articles easier and more interesting.  Oversaw layout design and worked with production team members to complete fresh monthly publications          Education and Training      MBA  :   Marketing    IGlobal University     Jun 2015     City  ,   State        Major in Marketing  Completed coursework in          BBA  :   Business Administration    Golden Gate University     Jun 2011     City  ,   State        International Student Scholarship Recipient  Minor in International Business          Associate of Arts      Suffolk University     Jun 2007     City         Associate in International Business and Business Administration        "
17562754,"         DIRECTOR OF DIGITAL TRANSFORMATION       Executive Profile     Digital and print media professional  and consultant with a strong vision to develop new projects and specialist in business development. Strong management skills and leading teams. Result oriented. Passionate and experienced in product and audience development, analytic tools, emerging technologies and their applications in the media industry. Social media and content strategist. Bilingual.       Skill Highlights          Journalism  Editorial  Leadership  New Media    Digital Media  Business Development  Audience Development  Strategic Planning  Product Management  Social Media  Online Journalism  Mobile    Advertising    Marketing  Digital Marketing  Media Strategy      Editorial  Writing  Editing  Storytelling  Multimedia Storytelling  Content Strategy  Content Management  SEO  Organizational Skills  Consultant  Digital Analytics  Staff Development  Blogging  Media Relations            Core Accomplishments      Journalist, columnist, executive editor, media business executive and  consultant specialized in digital and new media with almost 30 years of experience working in more than one hundred media companies in Spain, Argentina, Brazil, Chile, Mexico and other Latin American and European countries.  Focused in business development and revenue strategies.  Specialized in new media (digital, social, audiovisual), business development, newsroom organization and media management.  With extensive experience in the transformation of legacy media (especially newspapers and television) in digital and multimedia brands, and in the launching of new digital media.  Winner of several prizes and distinctions: Society for News Design (SND) for works in print and web and 14 gold José Martí Awards of the National Association of Hispanic Publications (NAHP), between them best newspaper (El Diario, NY and La Opinion, LA) and best weekly newspaper (La Raza, Chicago).  Chosen as one of the most influencial Spanish journalists on Internet, according to El Mundo newspaper.  Journalism professor in several universities, Master in Journalism and frequent speaker in professional media events, conferences and workshops (WAN-IFRA, INMA and others).  Co-author of several books about journalism and digital media.        Professional Experience     January 1999   to   January 2006     Company Name          Director of Digital Transformation        ImpreMedia Vicepresident of Content, in charge of digital and print operations of the company.  ImpreMedia is the leading Hispanic news and information company in the U.S.  in online and print.  Twenty-three percent (23%) of U.S.  Hispanic adults use an impreMedia network product in a given month, drawing 9.5 million unique visitors per month.  ImpreMedia publishes products in 15 U.S.  Hispanic markets that reach 3.6 million print product readers monthly.  Its leading publications include La Opinión in Los Angeles and El Diario La Prensa in New York.  Its online properties include:  www.impremedia.com; www.laopinion.com; www.eldiariony.com; www.laraza.com; www.laprensa.com; www.laopiniondelabahia.com; www.rumbotx.com; quieromasfutbol.com; and paratimujer.us.  Currently managing as Senior Consultant the digital transition of La Nación (Buenos Aires, Argentina), one of the main news media in Argentina and the Impremedia's shareholder to a new business and organization based more on digital and video than in print.  CEO and owner of Mediathink Consultores (2007-2013), an international media consultancy and research company specialized in news media: new digital and business projects and how to change the legacy companies to a digital environment.  With experience in projects and works in more than one hundred media organizations and twenty countries in Europe and Latin America.  Main clients: Vocento, Agencia Efe, Grupo Planeta, Ministerio de Sanidad e Igualdad, La Voz de Galicia, The Cocktail and others (Spain); Grupo Clarín, La Nación, La Voz del Interior (Argentina); El Mercurio (Chile); El Comercio (Perú); O Globo, Correio Braziliense (Brazil); GFR Media (Puerto Rico); La Prensa Gráfica (El Salvador) and others.  Associated Director and board trustee of Fundación Instituto para la Innovación Periodística 2IP, a professional and academic organization of innovation and entrepreneurship in journalism and media.  Chairman of the Experts Committee in New Business Models for Journalism.  Founder and Executive Editor of ADN.es (2007), one of the first innovative news social media websites in Spain (Madrid, Grupo Planeta).  Newsroom Reorganization, Contents and Digital Media of 12 newspapers, local television and radio for the main regional and local media group in Spain.         January 1996   to   January 1999     Company Name          CEO and General Manager        consultants in news media, content, product, business development, newsroom organization and design.  Managing Editor of Diario 16 (Madrid, 1995-97), a national newspaper and digital news media.         January 1992   to   January 1995     Managing Editor and Art Director of El Periódico de Catalunya Executive Editor        of the El Periódico de Catalunya´s special edition during Olympic Games in Barcelona, 1992.  Founder, Art Director and Managing Editor in El Sol, a Spanish national newspaper (Madrid, 1990-92).  Reporter in the business newspaper Cinco Días (Madrid, 1989) and the local newspaper El Ideal Gallego (A Coruña, Spain).  Career in Tech Companies Business and Technology consultant in Classora http://en.classora.com/ an innovative company working in semantic intelligence, web 3.0 and artificial intelligence applied to digital media.  Founding partner and shareholder of the digital marketing company Incuentra.com, now nlocal.es (Spain) and nlocal.mx (Mexico) after the sale of company to Plenum Media Group.          Education     1989     Newspaper El País-Universidad Autónoma de Madrid       Spain     Master in Journalism (MA)             1987     Navarra University       Spain     Bachelor's Degree (BA)  :   Journalism    Journalism        Skills    academic, Art Director, artificial intelligence, business development, com, Consultant, content, clients, Editor, drawing 9.5, http, innovation, Journalism, Latin, Director, Managing, marketing, 97, works, network, newspaper, newspapers, publications, radio, Reporter, research, Spanish, television, unique, video, websites   "
30311725,"         SENIOR PROJECT MANAGER       Professional Summary     Ambitious Construction Executive experienced in commercial construction with over 30+ years of experience. Proactive, resourceful and hardworking with strong follow-through. Excellent problem-solving and time management abilities.       Skills          Advanced problem solving  Project planning and development  Finance and accounting  Employee relations      Team building   Negotiations expert  Strategic planning  Contract review and recommendations            Work History      Company Name    Senior Project Manager   |   City  ,   State   |   August 2017   -   Current     Opening of Denver Operations for McCauley Constructors Establishing protocols, procedures and reporting mechanisms for a satellite location Procurement and management of teams to establish a stand-alone profit center Act as the liaison with main company office representatives to provide information on activities of the satellite location Actively project manage 3 to 5 projects in the $5 to­ $10 million range.  Monitored the market to capitalize on the latest trends.  Supervised the work of team members, offering constructive feedback on their work performance.  Monitored timelines and flagged potential issues to be addressed.  Collaborated with the Pre-Construction department to ensure accurate and complete project budgets.         Company Name    President   |   City  ,   State   |   November 2010   -   August 2017     Qualified competitive subcontractor bids prior to execution of contracts.  Facilitated processing of RFI's, submittals and samples among the general contractor, the owner and the owner's consultants.  Educated general contractor personnel on the quality standards throughout the construction process.  Obtained notices of completion and compliance certifications from all of the construction administration consultants.  Reviewed and investigated Proposed Change Order Requests (PCOR).  Stayed consistent with project schedules and plans for all FFE installations.  Submitted all project closeout documents in accordance with the contract.  Assigned projects and tasks to employees based on their competencies and specialties.  Accurately provided status information on project progress to the project management.  Led and managed resolution of all issues during project construction and commissioning phases.  Led the planning, budgeting and direction of all construction projects.  Carefully coordinated plans and specs using marketing programming standards.         Company Name    Senior Project Manager   |   City  ,   State   |   January 2006   -   November 2010     Managed teams of on-site subcontractors on multiple sites simultaneously.  Acted as the liaison with company safety representatives to promote awareness and understanding of safety protocols.  Proficiently used the Incident and Issues Tracking (IIT) system to document all on site issues.  Directed all phases of commercial construction projects, from budgeting  to closeout.  Collaborated with the Accounting department to implement electronic accounts payable system.         Company Name    President   |   City  ,   State   |   January 2003   -   December 2005     Oversaw business-wide changes to modernize procedures and organization.  Developed program to promote new managers from within, leading to a cohesive leadership structure.  Obtained building and specialty permits from local jurisdictional agencies.  Conducted weekly production and operations contractor meetings, which facilitated stronger communication and the ability to resolve critical issues.  Performed regular job site observations to provide direction for all general contractor personnel.  Trained and promoted continued education for all onsite crew members.          Company Name    Project Manager   |   City  ,   State   |   April 1999   -   December 2002     Kept meticulous records of all costs and expenses and analyzed that data against the budget.  Managed between 10 to 20 projects per year.  Directed changes to the project scope and cost and implemented appropriate change management processes to keep the project on track.  Provided outstanding service to clients to not only maintain but to extend the relationship for future business opportunities.  Conducted meetings with clients to determine project intent, requirements and budgets.         Company Name    Project Manager   |   City  ,   State   |   April 1997   -   March 1999     Conducted meetings with clients to determine project intent, requirements and budgets.  Maintained project schedules by managing timelines and making proactive adjustments.  Directed changes to the project scope and cost and implemented appropriate change management processes to keep the project on track.  Performed regular job site observations to provide direction for all general contractor personnel.  Conducted all critical pre-installation conferences with subcontractors, consultants and manufacturer's representatives.         Education      Masters of Real Estate & Construction Management    Construction Management    University of Denver    City  ,   State   |   1995   Construction Management       BBA    Business Management    East Tennessee State University    City  ,   State   |   1991   Business Management       Skills     Safety Oversight, Prime Contract Negotiations, Budgeting, Competitive Contracts Management,  Marketing, Microsoft Office, Microsoft Project, Pro Core Project Management, Personnel Management, Procurement, Project Management, Systems Protocols and  implementation and Quality Control.       Certifications      LEED AP  ICC Class A License   ASHE (American Society of Health Engineers)     "
19007667,"         CHEF       Summary     Experienced catering chef skilled in preparing large volumes of food quickly and efficiently. Knowledge of international cuisine. Seeking a position at a restaurant where I can call it 'home'       Highlights                      Experience     05/2009   to   Current     Chef    Company Name   －   City  ,   State      Manage daily kitchen operations including inventory, purchasing, and scheduling Ensure proper food handling methods are observed Assist kitchen staff in producing food for catering Systematically control food quality and costs Develop new menu items to enhance catering and retail food service revenue and productivity goals.         06/2000   to   05/2009     Catering Chef    Company Name   －   City  ,   State      Effectively managed and produced food for catered events Enforced appropriate work-flow and quality controls for food quality Conducted daily inventory and ordering Assisted catering staff in setup and delivery Managed catering schedule and logistics.         01/1990   to   06/2000     Line Cook    Company Name   －   City  ,   State      Set up and prep work for all food items.  Prepared various daily lunch special items.  Assisted in producing food for catered events.  Conducted daily food inventory and ordering.            Languages          Skills    delivery, Detail oriented, English, inventory, Inventory Management, logistics, producing, purchasing, quality, retail, scheduling, Spanish, work-flow   "
11065180,"         OPERATIONS MANAGER       Summary    Experienced client service professional accustomed to managing teams functioning in a fast-paced environment in support of multiple products across various business units. Solid background in building strong and effective teams      Highlights          KYC, Anti Money Laundering, and legal documentations  Excellent organizational and time management skills  Strong interpersonal and communication skills at all levels Microsoft Office (Excel, Word, PowerPoint, SharePoint, and Project)  Employee relations (hiring, terminations, performance management, development)  SEC Licenses Series 6 and 63 (Expired. Willing to retake.)  Proficiency in Adobe products (Photoshop, Lightroom, Illustrator)  Spanish fluency, oral and written                Experience     02/2010   to   08/2014     Operations Manager    Company Name   －   City  ,   State      Managed a team of four client service officers responsible for day-to-day operations and onboarding process.  Directed and supervised the daily activities of the teams with primary focus in enhancing the client's experience, mitigating risk, and identifying areas of improvement.  Performed Quality Assurance reviews and approved due diligence reviews completed by the staff.  Collaborated and managed assigned projects with cross-functional teams and departments including data and document collection and review, technology, sales and other client services groups across the firm.  Coordinated with Front Office, Credit, Compliance, AML compliance and global client onboarding teams to understand client/deal structure and agree requirements/responsibilities.  Participated in the development and drove implementation of department policies and/or procedures to help improve service and overall efficiency.         09/2007   to   02/2010     Client Service Manager      Within three months, increased efficiency by 20% by identifying and mitigating outdated manual processes and leveraging technology.  Increased staff performance accuracy levels to 99%.  Managed a team of eight client service officers responsible for servicing our base of Commercial Real Estate clients, Mortgage Servicers, and Regulated Cash.  Serviced a portfolio of 300 clients with deposits in excess of 80 billion.  Reviewed complex Cash Collateral agreements and client provided documentation to ensure compliance with regulatory and contractual requirements.  Served as the escalation point for and coordinated the resolution of key issues and complex client concerns and opportunities.  Analyzed complex data for management reporting nationwide on wire and deposit accounts providing adequate information for decision-making.  Held monthly meetings with senior management to provide updates on all team projects, roadblocks and recommended solutions.         02/2002   to   09/2007     Client Service Manager    Company Name          Built and fostered a proactive workplace environment resulting in a higher level of employee participation and performance.  Supervised a team of seven client service professionals with a primary focus in delivering excellent client service, improving processes, and leveraging technology.  Partnered with Bankers to collect, analyze, and validate all appropriate due diligence and on-boarding documentation provided by client; utilized knowledge of AML/KYC policy to independently identify missing or insufficient client due diligence information.  Responsible for reviewing, entering and approving client information in KYC database, conducting OFAC reviews, and escalating findings.  Extensive client contact in partnership with the Bankers to resolve customer concerns in regards to demand deposit accounts, short-term investments, funds transfers, and sales opportunities.  Actively monitored service delivery for all Services / Product to client (via MIS, internal meetings, and client meetings).  Gregorio Luna, page 2.          Education     2003     Bachelor of Professional Studies  :   Computer Information Systems    DeVry Institute of Technology   －     State      Computer Information Systems       1989     Associate  :   Applied Science - Business Management and administration    Kingsborough Community College   －   City  ,   State      Applied Science - Business Management and administration        Skills    Adobe products, Photoshop, interpersonal and communication, oral, Credit, critical thinking, resolve customer concerns, client, clients, database, decision-making, delivery, documentation, due diligence, Employee relations, senior management, fast, focus, Front Office, functional, funds, hiring, Illustrator, investments, legal, management reporting, meetings, Excel, Money, Microsoft Office, PowerPoint, SharePoint, Word, MIS, organizational, page 2, performance management, policies, problem solving, processes, improving processes, Quality Assurance, Real Estate, sales, self-starter, Spanish fluency, time management, written   "
39237915,"         BUSINESS DEVELOPMENT MANAGER       Professional Profile     Highly qualified, detail-oriented and hardworking Manager with more than 15 years of experience. Proficient in research, writing, case management and client relations. Expert computing and technology skills including competence in multiple software applications.       Qualifications          Inventory Management  Leadership Development  Risk Management         Staff Development  Project Management                Managing Employees  Marketing         Team Building          Budgeting      Financial Management            Accomplishments      Increased revenue by 40%  Cut operating expenses by 20% year over year.  Multiple awards for performance.  Developed and implemented client service program, which expanded small-to-medium client base 35%  Developed new quality standards for better quality performance and reliability.  Improve support service level by 20%  Improved customer service satisfaction 3% annually through supply chain management initiatives, inventory control and flexible manufacturing practices.        Experience      Business Development Manager     Jan 2015   to   Current      Company Name   －   City  ,   State     Prospect for potential new clients and turn this into increased business.  Cold call as appropriate within your market or geographic area to ensure a robust pipeline of opportunities.  Meet potential clients by growing, maintaining, and leveraging your network.  Identify potential clients, and the decision makers within the client organization.  Research and build relationships with new clients.  Set up meetings between client decision makers and company's practice leaders/Principals.  Plan approaches and pitches.  Work with team to develop proposals that speaks to the client's needs, concerns, and objectives.  Participate in pricing the solution/service.  Handle objections by clarifying, emphasizing agreements, and working through differences to a positive conclusion.  Use a variety of styles to persuade or negotiate appropriately.  Present an image that mirrors that of the client. Client Retention  Present new products and services and enhance existing relationships.  Work with technical staff and other internal colleagues to meet customer needs.  Arrange and participate in internal and external client debriefs.         Athletic Coordinator     May 2006   to   Dec 2014      Company Name   －   City  ,   State     Responsible for marketing, planning, organizing, implementing, and scheduling special recreation activities and events  Handle the tasks of hiring staff and coordinating volunteers in conducting recreation activities  Perform responsibilities of preparing attendance and program evaluation reports for all recreation programs on a monthly basis  Perform responsibilities of organizing and implementing recreation programs like social functions, arts and crafts, and physical fitness  Responsible for supervising athletic leagues and tournaments, maintaining records, registering program participants, collecting fees and providing various instructional programs  Handle the tasks of updating the positive and negative information regarding recreational programs to the supervisor         Patient Relations Supervisor     May 1999   to   May 2006      Company Name   －   City  ,   State     Coordinate communication between patients, family members, medical staff, administrative staff, or regulatory agencies.  Interview patients or their representatives to identify problems relating to care.  Maintain knowledge of community services and resources available to patients.  Refer patients to appropriate health care services or resources.  Investigate and direct patient inquiries or complaints to appropriate medical staff members and follow up to ensure satisfactory resolution.  Collect and report data on topics such as patient encounters and inter-institutional problems, making recommendations for change when appropriate.  Identify and share research, recommendations, or other information regarding legal liabilities, risk management, or quality of care.  Analyze patients' abilities to pay to determine charges on a sliding scale.  Teach patients to use home health care equipment         Education      Masters of Public Administration  ,   Budget and Public Finance   2004-12-18     Texas Tech University Lubbock   －   City  ,   State  ,   US     Courses taken: Program Evaluation and Quantitative Analysis, Advance Quantitative Methods in Public Policy & Administration, Public Policy Theory and Process, Public Personnel Administration, Public Organization Theory, Health Care Policy, Public Financial Management, Health Organization Management I & II, Budgeting and Research Methods, Financial and Managerial Accounting, Foundations of Finance, Operations Management         B.A.  ,   General Studies, Business Management   2001-12-15     Texas Tech University Lubbock   －   City  ,   State  ,   US     Courses taken:  International Financial Management, Fixed Income Securities and Credit Analysis, Financial Statement Analysis, Money and Banking, Investment Fundamentals and Security Analysis          High School Diploma     1994-05-15     Denison High School   －   City  ,   State  ,   US     Graduated in the top 10% of the class         Affiliations     American Society for Public Administration  American Public Health Association  Young American Leaders Association       Certifications     CPR  ACE   TAAF Sports Management School       Skills     Leadership Development  Project Management  Budgeting  Employee Management  Operations Management  Business Management    "
17199951,"         JOB CAPTAIN
DESIGNER         Highlights        Software Literacy:
-  AutoCAD R14 & 2000, Aperture v. 5.0, Microstation 7.1, 
-  Adobe Illustrator, Photoshop 6.0, Excel, Word              Experience     12/2002   to   Current     Job Captain
Designer    Company Name   －   City  ,   State      Worked independently and with other staff members to produce high-quality design
proposals, presentation drawings and construction documents for retail and hospitality
clients.  Selected Projects:
-  Steiff Toy Company- Proposal for first North American prototype store in greater
Boston
-  Stride-Rite- Proposal for the renovation of an existing shoe store & future roll-out
design 
-  Sodexho- Proposed renovations for cafeteria and food concessions at various college
campuses across the US, including:  Bentley College, UMass, & Wheaton College.         04/2000   to   10/2002     Project Manager
Designer    Company Name   －   City  ,   State      In-house architecture and interior design consultant for Fidelity Investments.  Collaborated with domestic and international firms on all stages of design and
construction.  Facilitated project initiation and consultant selection.  Assisted with the
coordination and flow of information between disciplines such as mechanical, HVAC,
landscaping, lighting, furniture and finishes.  Managed the progress and work of the
primary design consultant and evaluated their performance.  Prepared design presentations
and marketing material for clients, director and Fidelity chairman.  Researched building
technologies and interior/exterior finishes and cost analysis.  Maintained design library
and scheduled product presentations and learning credits for staff.  Selected Projects:
-  Seaport Hotel & Health Club- Renovations to lobby, ballrooms, restaurant, fitness &
locker rooms
-  Fidelity Broadband Group- 40,000 SF high tech office renovation and conference center
-  39 Eaton Place, London- 5,000 SF renovation to existing residence and gardens.         09/1998   to   04/2000     Designer    Company Name   －   City  ,   State      Worked both independently & in a team environment on all stages of design.  Collaborated
on construction documents.  Reviewed shop drawings.  Attended job meetings.  Developed
construction/design details in-house and on site.  Managed construction administration.  Prepared renderings and finish schemes for client presentations.  Selected Projects:
-  Brighton Landing- 465,000 SF office and retail development
-  Cutler Lake Corporate Center-  200,000 SF premier office complex
-  EMC-   50,000 SF training complex & cafeteria
-  Fidelity Foundation- 1,200 SF conference center involving historic restoration &
preservation.         06/1997   to   09/1998     Designer    Company Name   －   City  ,   State      Collaborated on construction documents.  Developed construction/design details.  Attended
job meetings.  Reviewed shop drawings.  Construction supervision.  Researched zoning and
code requirements.  Field Surveys.  Prepared client presentations.  Met with product reps &
vendors.  Selected Projects:
-  Physicians Health Services-  300,000 SF office complex
-  Playtex Products-  40,000 SF office renovation & expansion
-  OCI Chemical-  20,000 SF office renovation.          Education     1997     Master of Architecture      Tulane University School of Architecture   －   City  ,   State              Skills    Adobe Illustrator, Photoshop 6.0, premier, AutoCAD R14, Broadband, consultant, cost analysis, client, clients, design and
construction, HVAC, interior design, Investments, lighting, director, marketing material, mechanical, meetings, Excel, office, 2000, Word, Microstation 7.1, presentations, progress, proposals, Proposal, quality, renovation, Renovations, retail, supervision, Surveys   "
18236085,"         DIRECTOR OF BUSINESS DEVELOPMENT       Summary     Healthcare Sales Professional with over 6 years of experience as a successful Director of Sales.  Sales experience includes hospice / home health management, durable medical equipment (DME), and pharmaceuticals. Awarded for being the top performer for five consecutive years. Recognized for growth development and delivering bottom-line results. Specialized in connecting with clients and customers. Develop loyalty and referrals by utilizing consultative sales, identifying customer needs through active listening, education, and consistent follow-through. Experienced in developing strong and detailed sales and marketing plans to support corporate goals and objectives. Update and execute the sales and marketing plan daily, weekly and monthly to obtain corporate goals and objectives. Strong communication skills as a team member, presenter, and trainer.  Skillful and effective in communicating and interacting with associates, professionals and key decision makers.          Experience      Director of Business Development   02/2015   to   09/2015     Company Name      Director of Sales Director of Sales for the business line of Homecare and Hospice Implement sales and marketing plans for the Plains Region.  Meet and exceed the company's overall business plan, census goals and financial objectives.  This role is responsible for management and leadership of Client Relations Executives in the field and Care Transition Nurses in the hospital system.  Developed and implemented sales and marketing plans for all company products/service offerings, consistent with market analysis, reflecting referral source targets.  Develops and provides sales training.  Understanding of Medicare regulations for Homecare and Hospice.  Responsible for setting goals based on market analysis and company overall goals.  This position was dissolved due to company cuts.          Director of Sales / Area Sales Manager   01/2012   to   03/2014     Company Name   City  ,   State       Working in the healthcare industry of Hospice and Home Health in the Dallas Texas and Western Iowa locations.  Responsibilities included redeveloping a team of healthcare professionals to promote the company.  Increase sales and revenue through territory development by training and education to customers.  Communicate directly to vice President of company about the sales teams strengths and weakness along with new business opportunities.  Director of business development.  Develop plan to rebuild agency to meet budget by collaborating with referral sources and clinical team.  Maintain and develop growth by working with Nursing Facilities, Medical Clinics and Hospitals.  Communicate clearly what our program is to all referral sources.  Managed sales in Dallas Texas region and Iowa.          Senior Provider Relations Manager   02/2003   to   12/2012     Company Name   City  ,   State       Successfully rebranded the company despite stringent budget, building agency from eight patients to 130 patients as one of top five Provider Relations Managers.  Ranked #1 Senior Provider Relations Manager in the nation in 2005 and 20011; being groomed for Regional Sales Director.  Top performer in Region 6 (Nebraska, Iowa, and South Dakota) for past five years, while maintaining growth in Eastern and Central Nebraska by personally servicing territory of 18 counties in Nebraska.  Build rapport with key referral sources, coordinating with approximately 65 medical directors, nurses, CNAs, medical records clerks, social workers, and bereavement counselors, providing training, issue resolution, and follow-up support while remaining within budget.  Develop, plan, and present CEU in-service trainings through Iowa Western University to all referral sources, educating people about death, dying, hospice benefits and end-of-life care both in person and through webinars.  Manage and coach team of about 10 salespeople, providing marketing and strategic sales tools.  Responded to market need by building marketing tool that became company's main brochure.  Establish annual, monthly, weekly, and daily goals, keeping daily log of business sources, contacts, and leads, consistently following up with hand-written thank-you notes and calls.  Address problems, resolutions, wins, and marketing tips with weekly conference calls for region; report sales numbers both daily and weekly.          Senior Account Executive   01/1997   to   09/2002     Company Name   City  ,   State       Achieved #1 ranking Salesperson in Southern California Region within five months and maintained that for 3 years.  Developed managed care contracts throughout California.          Education      Bachelor of Science  :   Political Science    California State University of Bakersfield     State       Political Science        Professional Affiliations    Nebraska Alzheimer's Association American Parkinson's disease Association Creighton University Medical Center American Quarter Horse Association American Cancer Association End of Life Community for Nebraska Nebraska Hospice and Palliative Care Association American Red Cross Nebraska American Heart Association American Horse Show Association       Skills    agency, benefits, brochure, budget, business development, business plan, coach, contracts, Client Relations, financial, Home Health, Homecare, Hospice, leadership, notes, Director, market analysis, marketing plans, marketing, market, Nursing, rapport, Sales, sales training, strategic, written   "
79663360,"         SUBSTITUTE TEACHER       Professional Summary    Enthusiastic and self-motivated professional, with experience as a youth worker, seeks an opportunity to enhance existing skills in working with vulnerable children and families. I am familiar with the challenges and difficulties that children living in stressful family situations face and am keen to offer support that facilitates lasting change.  In my work with students, I have direct experience of the impact of abuse and neglect on children's development and functioning. I wish to work in partnership with other professionals to ensure that children grow up to achieve their full potential in safe, loving environments whether that is at home with their birth family or in alternative settings.      Core Qualifications          Analytical Thinking - Applies logic to solve problems and get the job done.   Knowledge of child development and the impact of
abuse/trauma on children's functioning   Even Temperament Controlling emotions and not retaliating to negative behavior.  Excellent communication - Can use language effectively to gather information and facilitate the exchange of ideas.      Decision Making - Can make decisions and take responsibility for them.  Ethics - Has personal and professional ethics and fosters a diverse and respectful workplace.  Interpersonal Relations - Exhibits respect and understand of others to maintain professional relationships.  Interpersonal Awareness: The ability to have and show empathy to others. Listens well and responds in a non-threatening way.  Results Oriented - Achieves goals in a timely manner while providing excellent client service.            Experience     April 2015   to   Current     Company Name   City  ,   State     Substitute Teacher        Carried out programs of study prescribed in the lesson plans.  Built rapport and relationships with students, families and staff.  Created a classroom environment that is orderly and conducive to learning and appropriate to the maturity and interests of the students.  Guided the learning process toward the achievement of curriculum goals and designated outcomes.  Established and maintained consistent boundaries for students in regards to conduct and behavior.  Ensured that students that are struggling or at-risk of failing receive appropriate support as needed.  Explored reasons behind student's truancy or poor attendance in order to refer onwards to school counselors.  Worked in partnership with school staff to achieve learning outcomes.  Maintained communication with teachers and family's regarding student's achievements.  Was mindful of and reported any incidents of abuse, exploitation or neglect to appropriate professionals in line with district policies.         August 2012   to   August 2015     Company Name   City  ,   State     Youth Worker        Built one on one relationships with students of various ages, ethnicities and backgrounds.  Provided life skill training (budgeting, personal responsibility, integrity, job skills, etc) and mentoring to students.  Assisted students with planning for college/university attendance.  Supported students to grow in self-esteem, positive coping strategies, and social skills.  Appropriately discussed difficult/traumatic life experiences with students (i.e.  poor self-esteem, bullying, stressful home life, removal from birth family, foster care, etc); helping them to address negative emotions/beliefs surrounding these experiences.  Empowered students to develop skills in leadership, communication, decision-making, and healthy boundaries.  Provided support to students with learning difficulties.  Maintained close links with parents/family to communicate child's progress.  Encouraged the involvement of parents/family in participating in school and related activities.  Reported any incidents of child protection/neglect in line with CRU policies.  Took the lead in planning & organizing successful fundraisers benefiting students' ongoing development.  Liaised with local community to enhance relationships with CRU.  Assessed, budget, and execute organizational goals.  Developed Bible studies for students.  Built relationships with people to generate financial support for occupation.         September 2010   to   August 2012     Company Name   City  ,   State     Mechanic        Performed maintenance on airport and airline facilities and equipment.  Performed regular preventive maintenance and corrective maintenance.  Submitted manual encoding.  Fixed and manage the conveyor belts and carousels.  Installed and repaired fire and safety doors.         June 2007   to   September 2010     Company Name   City  ,   State     Baggage Handler        Assisted customers with luggage.  Helped check-in customers bags boarding passes.  Reported left behind luggage and contacted  the owner.  Managed checkpoint security lanes.          Education          Dallas Theological Seminary-Houston Campus            Master of Arts  :   Christian Education    Christian Education       2013        City  ,   State       Bachelor of Science  :   Christian Leadership/Biblical Studies    Christian Leadership/Biblical Studies          Skills     ·        
Computer literate and valid Texas driver's
license/insurance
  
·        Great communication and note-taking skills   ​    "
62312955,"      R        GRAPHIC ARTIST, DESIGNER         Focus - Graphic Design / Digital Art     Graphic Designer skilled in digital art concepts for print, web and product manufacturing applications.       Summary of Qualifications          (CAD): Gerber Systems  Photoshop, Illustrator, InDesign   Microsoft Office Suite    Windows & Mac environments    ZBrush, Cinema 4D, VUE       Self-motivated professional  Resourceful researcher  Quick learner  Broad availability  Digital and Manual Illustration            Skills         Digital Illustration of art concepts for print, fabric and web applications using Adobe Creative Suite.   Composition and layout for marketing collateral using InDesign.  Manual sketching and mood boarding for look development of characters, live or digital, in accordance with director.  2D Pattern engineering and technical sketching for streetwear and theatrical costumes, using Gerber Computer Aided Design Systems.         Experience      Graphic Artist, Designer   City  ,   State    Company Name  /   Feb 2016   to   Current        Design album cover art.    Design promotional posters and postcards.       Created mixed compositions utilizing illustrations and photography to express artist identity and style for web applications.              Technical Designer / Patternmaker   City  ,   State    Company Name  /   Jan 2000   to   May 2015        Managed pattern and grading timelines for stage costumes and cast member uniforms.       Quality assurance and determined Spec guidelines.        Problem-solving for sizing and fit challenges.        Technical Illustration for PLM documentation.        Reduced garment manufacturing cost by over 60% and reduced production lead times by about 50% by creating and enforcing production efficiency standards and reducing waste.        Maintained BOMs             Design and Patternmaking Assistant   City  ,   State    Company Name  /   Mar 1997   to   Jun 1999       Refresh and customize theatrical costumes for each play  Assist in prop-making and decoration  Maintained costume library          Freelance Costume Design   City  ,   State    Company Name  /   Mar 1997   to   Jun 1999       Assisted AFI students in developing character looks for their short film projects  Worked closely with director, head designer          Education and Training      Certificate of Proficiency  :   Graphic Design / Animation    Studio Arts, Ltd.     2016       City  ,   State  ,   USA              Computer Aided Design, Lectra / Gerber Systems    Art Institute & LA Trade Tech    City  ,   State  ,   USA     Digital Design, Patternmaking, Grading, and Marker-Making coursework           Associate of Arts  :   Fashion Design    Brooks College      City  ,   State  ,   USA          "
